,home_team_name,HomePlayer1,HomePlayer2,HomePlayer3,HomePlayer4,HomePlayer5,HomePlayer6,HomePlayer7,HomePlayer8,HomePlayer9,HomePlayer10,HomePlayer11,away_team_name,AwayPlayer1,AwayPlayer2,AwayPlayer3,AwayPlayer4,AwayPlayer5,AwayPlayer6,AwayPlayer7,AwayPlayer8,AwayPlayer9,AwayPlayer10,AwayPlayer11,matchweek,home_score,away_score
0,Benfica,Ederson,Lisandro López,Álex Grimaldo,Ljubomir Fejsa,André Horta,Victor Lindelöf,Eduardo Salvio,Gonçalo Guedes,Pizzi,Franco Cervi,Nélson Semedo,Beşiktaş,Tolga Zengin,Adriano,Duško Tošić,Ricardo Quaresma,Vincent Aboubakar,Atiba Hutchinson,Oğuzhan Özyakup,Marcelo,Andreas Beck,Gökhan Inler,Caner Erkin,Group stage,1,1
1,Bayern Munich,Manuel Neuer,Mats Hummels,Thiago Alcántara,Javi Martínez,Robert Lewandowski,Douglas Costa,Rafinha,Arturo Vidal,Thomas Müller,David Alaba,Joshua Kimmich,Rostov,Soslan Dzhanayev,Timofei Kalachev,Vladimir Granat,Denis Terentyev,Dmitry Poloz,Christian Noboa,Sardar Azmoun,Miha Mevlja,César Navas,Alexandru Gațcan,Aleksandr Erokhin,Group stage,5,0
2,Paris S-G,Alphonse Areola,Thiago Silva,Grzegorz Krychowiak,Marquinhos,Marco Verratti,Edinson Cavani,Ángel Di María,Blaise Matuidi,Maxwell,Serge Aurier,Adrien Rabiot,Arsenal,David Ospina,Laurent Koscielny,Alexis Sánchez,Mesut Özil,Alex Oxlade-Chamberlain,Alex Iwobi,Nacho Monreal,Santi Cazorla,Shkodran Mustafi,Héctor Bellerín,Francis Coquelin,Group stage,1,1
3,Barcelona,Marc-André ter Stegen,Gerard Piqué,Ivan Rakitić,Sergio Busquets,Luis Suárez,Lionel Messi,Neymar,Jordi Alba,Sergi Roberto,André Gomes,Samuel Umtiti,Celtic,Dorus de Vries,Kolo Touré,Nir Bitton,Scott Brown,Moussa Dembélé,Scott Sinclair,Cristian Gamboa,Mikael Lustig,Patrick Roberts,Erik Sviatchenko,Kieran Tierney,Group stage,7,0
4,PSV Eindhoven,Jeroen Zoet,Nicolas Isimat-Mirin,Héctor Moreno,Daniel Schwaab,Davy Pröpper,Jorrit Hendrix,Luuk de Jong,Luciano Narsingh,Jetro Willems,Andrés Guardado,Joshua Brenet,Atlético Madrid,Jan Oblak,Diego Godín,Filipe Luís,Koke,Antoine Griezmann,Saúl Ñíguez,Gabi,Juanfran,Kévin Gameiro,Nicolás Gaitán,José María Giménez,Group stage,0,1
5,Basel,Tomáš Vaclík,Adama Traoré,Michael Lang,Luca Zuffi,Birkir Bjarnason,Matías Emilio Delgado,Renato Steffen,Marek Suchý,Marc Janko,Éder Álvarez Balanta,Taulant Xhaka,Ludogorets,Vladislav Stoyanov,José Luis Palomino,Natanael,Anicet Abel,Svetoslav Dyakov,Jonathan Cafu,Yordan Minev,Cosmin Moți,Marcelinho,Wanderson,Virgil Misidjan,Group stage,1,1
6,Dynamo Kyiv,Oleksandr Shovkovskiy,Vitorino Antunes,Andriy Yarmolenko,Júnior Moraes,Viktor Tsyhankov,Serhiy Sydorchuk,Serhiy Rybalka,Denys Harmash,Domagoj Vida,Yevhen Makarenko,Yevhen Khacheridi,Napoli,Pepe Reina,Elseid Hysaj,Allan,José Callejón,Jorginho,Dries Mertens,Marek Hamšík,Kalidou Koulibaly,Faouzi Ghoulam,Raúl Albiol,Arkadiusz Milik,Group stage,1,2
7,Porto,Iker Casillas,Iván Marcano,André Silva,Óliver Torres,Alex Telles,Héctor Herrera,Jesús Corona,Miguel Layún,Danilo Pereira,Otávio,Felipe,FC Copenhagen,Robin Olsen,Ludwig Augustinsson,Erik Berg,William Kvist,Thomas Delaney,Andreas Cornelius,Ján Greguš,Federico Santander,Peter Ankersen,Youssef Toutouh,Mathias Jørgensen,Group stage,1,1
8,Tottenham,Hugo Lloris,Kyle Walker,Toby Alderweireld,Jan Vertonghen,Son Heung-min,Harry Kane,Érik Lamela,Eric Dier,Dele Alli,Christian Eriksen,Ben Davies,Monaco,Danijel Subašić,Fabinho,Jemerson,Nabil Dirar,João Moutinho,Radamel Falcao,Bernardo Silva,Tiemoué Bakayoko,Djibril Sidibé,Andrea Raggi,Kamil Glik,Group stage,1,2
9,Manchester City,Claudio Bravo,Pablo Zabaleta,Raheem Sterling,İlkay Gündoğan,Sergio Agüero,Aleksandar Kolarov,Jesús Navas,Kevin De Bruyne,John Stones,Fernandinho,Nicolás Otamendi,Gladbach,Yann Sommer,Andreas Christensen,Tobias Strobl,Christoph Kramer,Mahmoud Dahoud,Raffael,Lars Stindl,Oscar Wendt,Fabian Johnson,André Hahn,Nico Elvedi,Group stage,4,0
10,Club Brugge,Ludovic Butelle,Ricardo van Rhijn,Timmy Simons,Björn Engels,Abdoulay Diaby,José Izquierdo,Tomás Pina Isla,Hans Vanaken,Stefano Denswil,Ruud Vormer,Laurens De Bock,Leicester City,Kasper Schmeichel,Luis Hernández,Danny Drinkwater,Wes Morgan,Robert Huth,Jamie Vardy,Marc Albrighton,Daniel Amartey,Islam Slimani,Riyad Mahrez,Christian Fuchs,Group stage,0,3
11,Real Madrid,Kiko Casilla,Dani Carvajal,Sergio Ramos,Raphaël Varane,Cristiano Ronaldo,Toni Kroos,Karim Benzema,Gareth Bale,Marcelo,Casemiro,Luka Modrić,Sporting CP,Rui Patrício,Bryan Ruiz,Bruno César,Sebastián Coates,William Carvalho,João Pereira,Adrien Silva,Bas Dost,Marvin Zeegelaar,Rúben Semedo,Gelson Martins,Group stage,2,1
12,Legia Warsaw,Arkadiusz Malarz,Tomasz Jodłowiec,Jakub Czerwiński,Maciej Dąbrowski,Guilherme,Steeven Langil,Vadis Odjidja-Ofoe,Valeri Qazaishvili,Bartosz Bereszyński,Thibault Moulin,Aleksandar Prijović,Dortmund,Roman Bürki,Marc Bartra,Ousmane Dembélé,Mario Götze,Raphaël Guerreiro,Pierre-Emerick Aubameyang,Christian Pulisic,Sokratis Papastathopoulos,Łukasz Piszczek,Marcel Schmelzer,Julian Weigl,Group stage,0,6
13,Leverkusen,Bernd Leno,Jonathan Tah,Javier Hernández,Lars Bender,Hakan Çalhanoğlu,Admir Mehmedi,Wendell,Julian Brandt,Ömer Toprak,Benjamin Henrichs,Kevin Kampl,CSKA Moscow,Igor Akinfeev,Mário Fernandes,Pontus Wernbloom,Sergei Ignashevich,Lacina Traoré,Alan Dzagoev,Aleksei Ionov,Aleksandr Golovin,Aleksei Berezutski,Roman Eremenko,Georgi Shchennikov,Group stage,2,2
14,Lyon,Anthony Lopes,Mapou Yanga-Mbiwa,Nicolas Nkoulou,Corentin Tolisso,Jordan Ferri,Sergi Darder,Jérémy Morel,Rafael,Maxime Gonalons,Maxwel Cornet,Maciej Rybus,Dinamo Zagreb,Adrian Šemper,Hillel Soudani,Jonas,Ante Ćorić,Paulo Machado,Junior Fernándes,Domagoj Pavičić,Josip Pivarić,Gordon Schildenfeld,Filip Benković,Petar Stojanović,Group stage,3,0
15,Juventus,Gianluigi Buffon,Giorgio Chiellini,Sami Khedira,Gonzalo Higuaín,Paulo Dybala,Andrea Barzagli,Mario Lemina,Leonardo Bonucci,Kwadwo Asamoah,Dani Alves,Patrice Evra,Sevilla,Sergio Rico,Matías Kranevitter,Vicente Iborra,Steven Nzonzi,Pablo Sarabia,Sergio Escudero,Vitolo,Nicolás Pareja,Franco Vázquez,Adil Rami,Gabriel Mercado,Group stage,0,0
16,Sporting CP,Rui Patrício,Jefferson Nascimento,Bryan Ruiz,Bruno César,Sebastián Coates,William Carvalho,João Pereira,Adrien Silva,Bas Dost,Rúben Semedo,Gelson Martins,Legia Warsaw,Arkadiusz Malarz,Tomasz Jodłowiec,Jakub Czerwiński,Guilherme,Steeven Langil,Nemanja Nikolić,Adam Hloušek,Bartosz Bereszyński,Jakub Rzeźniczak,Miroslav Radović,Thibault Moulin,Group stage,2,0
17,Leicester City,Kasper Schmeichel,Luis Hernández,Danny Drinkwater,Wes Morgan,Robert Huth,Jamie Vardy,Marc Albrighton,Daniel Amartey,Islam Slimani,Riyad Mahrez,Christian Fuchs,Porto,Iker Casillas,Iván Marcano,Óliver Torres,André Silva,Adrián López,Alex Telles,André André,Miguel Layún,Danilo Pereira,Otávio,Felipe,Group stage,1,0
18,Sevilla,Sergio Rico,Mariano,Wissam Ben Yedder,Luciano Vietto,Samir Nasri,Steven Nzonzi,Sergio Escudero,Vitolo,Nicolás Pareja,Franco Vázquez,Gabriel Mercado,Lyon,Anthony Lopes,Mapou Yanga-Mbiwa,Nicolas Nkoulou,Corentin Tolisso,Sergi Darder,Jérémy Morel,Nabil Fekir,Maxime Gonalons,Jordy Gaspar,Maxwel Cornet,Maciej Rybus,Group stage,1,0
19,Monaco,Danijel Subašić,Fabinho,Jemerson,João Moutinho,Bernardo Silva,Tiemoué Bakayoko,Valère Germain,Djibril Sidibé,Andrea Raggi,Kamil Glik,Thomas Lemar,Leverkusen,Bernd Leno,Jonathan Tah,Javier Hernández,Lars Bender,Hakan Çalhanoğlu,Julian Brandt,Charles Aránguiz,Ömer Toprak,Kevin Volland,Benjamin Henrichs,Kevin Kampl,Group stage,1,1
20,FC Copenhagen,Robin Olsen,Ludwig Augustinsson,Erik Berg,William Kvist,Benjamin Verbič,Thomas Delaney,Andreas Cornelius,Federico Santander,Peter Ankersen,Mathias Jørgensen,Rasmus Falk,Club Brugge,Ludovic Butelle,Ricardo van Rhijn,Timmy Simons,Benoît Poulain,Claudemir de Souza,Jelle Vossen,José Izquierdo,Hans Vanaken,Stefano Denswil,Ruud Vormer,Laurens De Bock,Group stage,4,0
21,Dortmund,Roman Bürki,Ousmane Dembélé,Mario Götze,Raphaël Guerreiro,Pierre-Emerick Aubameyang,Sokratis Papastathopoulos,Łukasz Piszczek,Gonzalo Castro,Matthias Ginter,Marcel Schmelzer,Julian Weigl,Real Madrid,Keylor Navas,Dani Carvajal,Sergio Ramos,Raphaël Varane,Cristiano Ronaldo,Toni Kroos,Karim Benzema,James Rodríguez,Gareth Bale,Luka Modrić,Danilo,Group stage,2,2
22,Dinamo Zagreb,Adrian Šemper,Hillel Soudani,Jonas,Mario Šitum,Domagoj Antolić,Junior Fernándes,Domagoj Pavičić,Josip Pivarić,Leonardo Sigali,Gordon Schildenfeld,Filip Benković,Juventus,Gianluigi Buffon,Giorgio Chiellini,Miralem Pjanić,Sami Khedira,Gonzalo Higuaín,Paulo Dybala,Hernanes,Andrea Barzagli,Leonardo Bonucci,Dani Alves,Patrice Evra,Group stage,0,4
23,CSKA Moscow,Igor Akinfeev,Mário Fernandes,Pontus Wernbloom,Sergei Ignashevich,Zoran Tošić,Georgi Milanov,Lacina Traoré,Aleksandr Golovin,Aleksei Berezutski,Roman Eremenko,Georgi Shchennikov,Tottenham,Hugo Lloris,Toby Alderweireld,Jan Vertonghen,Son Heung-min,Vincent Janssen,Érik Lamela,Victor Wanyama,Kieran Trippier,Dele Alli,Christian Eriksen,Ben Davies,Group stage,0,1
24,Celtic,Craig Gordon,Kolo Touré,Nir Bitton,Scott Brown,Moussa Dembélé,Scott Sinclair,Tom Rogić,Mikael Lustig,Erik Sviatchenko,James Forrest,Kieran Tierney,Manchester City,Claudio Bravo,Pablo Zabaleta,Raheem Sterling,İlkay Gündoğan,Nolito,Sergio Agüero,Aleksandar Kolarov,David Silva,Gaël Clichy,Fernandinho,Nicolás Otamendi,Group stage,3,3
25,Arsenal,David Ospina,Laurent Koscielny,Alexis Sánchez,Mesut Özil,Theo Walcott,Alex Iwobi,Nacho Monreal,Santi Cazorla,Shkodran Mustafi,Héctor Bellerín,Granit Xhaka,Basel,Tomáš Vaclík,Adama Traoré,Michael Lang,Luca Zuffi,Birkir Bjarnason,Renato Steffen,Alexander Fransson,Marek Suchý,Éder Álvarez Balanta,Taulant Xhaka,Seydou Doumbia,Group stage,2,0
26,Gladbach,Yann Sommer,Andreas Christensen,Christoph Kramer,Mahmoud Dahoud,Thorgan Hazard,Raffael,Lars Stindl,Ibrahima Traoré,Oscar Wendt,Julian Korb,Nico Elvedi,Barcelona,Marc-André ter Stegen,Gerard Piqué,Ivan Rakitić,Sergio Busquets,Andrés Iniesta,Luis Suárez,Neymar,Javier Mascherano,Paco Alcácer,Jordi Alba,Sergi Roberto,Group stage,1,2
27,Napoli,Pepe Reina,Elseid Hysaj,Allan,José Callejón,Jorginho,Dries Mertens,Marek Hamšík,Kalidou Koulibaly,Faouzi Ghoulam,Raúl Albiol,Arkadiusz Milik,Benfica,Júlio César,Lisandro López,Álex Grimaldo,Ljubomir Fejsa,André Horta,Kostas Mitroglou,Victor Lindelöf,André Carrillo,Pizzi,André Almeida,Nélson Semedo,Group stage,4,2
28,Atlético Madrid,Jan Oblak,Diego Godín,Filipe Luís,Koke,Antoine Griezmann,Saúl Ñíguez,Fernando Torres,Yannick Carrasco,Gabi,Stefan Savić,Juanfran,Bayern Munich,Manuel Neuer,Thiago Alcántara,Franck Ribéry,Javi Martínez,Robert Lewandowski,Xabi Alonso,Jérôme Boateng,Philipp Lahm,Arturo Vidal,Thomas Müller,David Alaba,Group stage,1,0
29,Beşiktaş,Fabricio,Adriano,Duško Tošić,Ricardo Quaresma,Vincent Aboubakar,Atiba Hutchinson,Tolgay Arslan,Marcelo,Andreas Beck,Caner Erkin,Talisca,Dynamo Kyiv,Artur Rudko,Vitorino Antunes,Mykola Morozyuk,Andriy Yarmolenko,Júnior Moraes,Serhiy Rybalka,Denys Harmash,Domagoj Vida,Derlis González,Vitaliy Buyalskyi,Yevhen Khacheridi,Group stage,1,1
30,Rostov,Soslan Dzhanayev,Timofei Kalachev,Vladimir Granat,Denis Terentyev,Dmitry Poloz,Christian Noboa,Sardar Azmoun,Miha Mevlja,César Navas,Alexandru Gațcan,Aleksandr Erokhin,PSV Eindhoven,Jeroen Zoet,Nicolas Isimat-Mirin,Héctor Moreno,Santiago Arias,Daniel Schwaab,Davy Pröpper,Jorrit Hendrix,Luuk de Jong,Luciano Narsingh,Jetro Willems,Andrés Guardado,Group stage,2,2
31,Ludogorets,Vladislav Stoyanov,José Luis Palomino,Natanael,Anicet Abel,Svetoslav Dyakov,Jonathan Cafu,Yordan Minev,Cosmin Moți,Marcelinho,Wanderson,Virgil Misidjan,Paris S-G,Alphonse Areola,Thiago Silva,Marquinhos,Marco Verratti,Lucas Moura,Thiago Motta,Edinson Cavani,Ángel Di María,Blaise Matuidi,Maxwell,Serge Aurier,Group stage,1,3
32,Sporting CP,Rui Patrício,Ezequiel Schelotto,Lazar Marković,Bryan Ruiz,Sebastián Coates,William Carvalho,Elías,Bas Dost,Marvin Zeegelaar,Rúben Semedo,Gelson Martins,Dortmund,Roman Bürki,Marc Bartra,Ousmane Dembélé,Mario Götze,Pierre-Emerick Aubameyang,Christian Pulisic,Shinji Kagawa,Sokratis Papastathopoulos,Matthias Ginter,Felix Passlack,Julian Weigl,Group stage,1,2
33,Leicester City,Kasper Schmeichel,Danny Drinkwater,Wes Morgan,Robert Huth,Jamie Vardy,Andy King,Marc Albrighton,Danny Simpson,Islam Slimani,Riyad Mahrez,Christian Fuchs,FC Copenhagen,Robin Olsen,Ludwig Augustinsson,Erik Berg,William Kvist,Benjamin Verbič,Thomas Delaney,Andreas Cornelius,Federico Santander,Peter Ankersen,Youssef Toutouh,Mathias Jørgensen,Group stage,1,0
34,Lyon,Anthony Lopes,Mapou Yanga-Mbiwa,Nicolas Nkoulou,Mouctar Diakhaby,Corentin Tolisso,Alexandre Lacazette,Sergi Darder,Jérémy Morel,Nabil Fekir,Rafael,Maxime Gonalons,Juventus,Gianluigi Buffon,Miralem Pjanić,Sami Khedira,Gonzalo Higuaín,Paulo Dybala,Alex Sandro,Andrea Barzagli,Mario Lemina,Leonardo Bonucci,Dani Alves,Patrice Evra,Group stage,0,1
35,Leverkusen,Bernd Leno,Jonathan Tah,Javier Hernández,Lars Bender,Hakan Çalhanoğlu,Stefan Kießling,Admir Mehmedi,Charles Aránguiz,Ömer Toprak,Benjamin Henrichs,Kevin Kampl,Tottenham,Hugo Lloris,Danny Rose,Jan Vertonghen,Son Heung-min,Vincent Janssen,Érik Lamela,Victor Wanyama,Eric Dier,Kieran Trippier,Dele Alli,Christian Eriksen,Group stage,0,0
36,Club Brugge,Ludovic Butelle,Ricardo van Rhijn,Timmy Simons,Benoît Poulain,Claudemir de Souza,Jelle Vossen,Tomás Pina Isla,Anthony Limbombe,Hans Vanaken,Stefano Denswil,Ruud Vormer,Porto,Iker Casillas,Iván Marcano,André Silva,Óliver Torres,Alex Telles,Héctor Herrera,Diogo Jota,Miguel Layún,Danilo Pereira,Otávio,Felipe,Group stage,1,2
37,Real Madrid,Keylor Navas,Pepe,Raphaël Varane,Cristiano Ronaldo,Toni Kroos,Karim Benzema,James Rodríguez,Gareth Bale,Marcelo,Marco Asensio,Danilo,Legia Warsaw,Arkadiusz Malarz,Tomasz Jodłowiec,Jakub Czerwiński,Guilherme,Vadis Odjidja-Ofoe,Adam Hloušek,Michał Kucharczyk,Bartosz Bereszyński,Jakub Rzeźniczak,Miroslav Radović,Thibault Moulin,Group stage,5,1
38,Dinamo Zagreb,Dominik Livaković,Hillel Soudani,Borna Sosa,Domagoj Antolić,Junior Fernándes,Domagoj Pavičić,Leonardo Sigali,Gordon Schildenfeld,Bojan Knežević,Filip Benković,Petar Stojanović,Sevilla,Sergio Rico,Mariano,Luciano Vietto,Samir Nasri,Steven Nzonzi,Sergio Escudero,Vitolo,Nicolás Pareja,Franco Vázquez,Adil Rami,Gabriel Mercado,Group stage,0,1
39,CSKA Moscow,Igor Akinfeev,Mário Fernandes,Pontus Wernbloom,Sergei Ignashevich,Zoran Tošić,Lacina Traoré,Aleksei Ionov,Aleksandr Golovin,Aleksei Berezutski,Georgi Shchennikov,Bibras Natkho,Monaco,Danijel Subašić,Fabinho,Jemerson,João Moutinho,Bernardo Silva,Tiemoué Bakayoko,Valère Germain,Djibril Sidibé,Andrea Raggi,Kamil Glik,Thomas Lemar,Group stage,1,1
40,Celtic,Craig Gordon,Kolo Touré,Nir Bitton,Scott Brown,Moussa Dembélé,Scott Sinclair,Tom Rogić,Mikael Lustig,Erik Sviatchenko,James Forrest,Kieran Tierney,Gladbach,Yann Sommer,Jannik Vestergaard,Tobias Strobl,Christoph Kramer,Lars Stindl,Ibrahima Traoré,Oscar Wendt,Jonas Hofmann,Julian Korb,André Hahn,Nico Elvedi,Group stage,0,2
41,Arsenal,David Ospina,Kieran Gibbs,Laurent Koscielny,Alexis Sánchez,Mesut Özil,Theo Walcott,Alex Oxlade-Chamberlain,Santi Cazorla,Shkodran Mustafi,Héctor Bellerín,Francis Coquelin,Ludogorets,Vladislav Stoyanov,José Luis Palomino,Natanael,Anicet Abel,Svetoslav Dyakov,Jonathan Cafu,Yordan Minev,Cosmin Moți,Marcelinho,Wanderson,Virgil Misidjan,Group stage,6,0
42,Paris S-G,Alphonse Areola,Thiago Silva,Marquinhos,Marco Verratti,Lucas Moura,Edinson Cavani,Ángel Di María,Blaise Matuidi,Serge Aurier,Layvin Kurzawa,Adrien Rabiot,Basel,Tomáš Vaclík,Adama Traoré,Michael Lang,Serey Die,Birkir Bjarnason,Matías Emilio Delgado,Renato Steffen,Marek Suchý,Éder Álvarez Balanta,Taulant Xhaka,Seydou Doumbia,Group stage,3,0
43,Barcelona,Marc-André ter Stegen,Gerard Piqué,Ivan Rakitić,Sergio Busquets,Andrés Iniesta,Luis Suárez,Lionel Messi,Neymar,Javier Mascherano,Jordi Alba,Samuel Umtiti,Manchester City,Claudio Bravo,Pablo Zabaleta,Raheem Sterling,İlkay Gündoğan,Nolito,Aleksandar Kolarov,Kevin De Bruyne,David Silva,John Stones,Fernandinho,Nicolás Otamendi,Group stage,4,0
44,Bayern Munich,Manuel Neuer,Mats Hummels,Thiago Alcántara,Robert Lewandowski,Arjen Robben,Xabi Alonso,Jérôme Boateng,Philipp Lahm,Thomas Müller,David Alaba,Joshua Kimmich,PSV Eindhoven,Jeroen Zoet,Héctor Moreno,Daniel Schwaab,Davy Pröpper,Gastón Pereiro,Luuk de Jong,Siem de Jong,Luciano Narsingh,Jetro Willems,Andrés Guardado,Joshua Brenet,Group stage,4,1
45,Napoli,Pepe Reina,José Callejón,Jorginho,Christian Maggio,Dries Mertens,Marek Hamšík,Piotr Zieliński,Vlad Chiricheș,Lorenzo Insigne,Kalidou Koulibaly,Faouzi Ghoulam,Beşiktaş,Fabricio,Adriano,Duško Tošić,Ricardo Quaresma,Vincent Aboubakar,Atiba Hutchinson,Tolgay Arslan,Necip Uysal,Marcelo,Andreas Beck,Caner Erkin,Group stage,2,3
46,Dynamo Kyiv,Artur Rudko,Danilo da Silva,Vitorino Antunes,Andriy Yarmolenko,Júnior Moraes,Serhiy Sydorchuk,Nikita Korzun,Domagoj Vida,Derlis González,Valeriy Fedorchuk,Yevhen Khacheridi,Benfica,Ederson,Álex Grimaldo,Luisão,Ljubomir Fejsa,Kostas Mitroglou,Victor Lindelöf,Eduardo Salvio,Gonçalo Guedes,Pizzi,Franco Cervi,Nélson Semedo,Group stage,0,2
47,Rostov,Soslan Dzhanayev,Vladimir Granat,Dmitry Poloz,Igor Kireyev,Christian Noboa,Sardar Azmoun,Miha Mevlja,Fyodor Kudryashov,César Navas,Alexandru Gațcan,Aleksandr Erokhin,Atlético Madrid,Jan Oblak,Diego Godín,Filipe Luís,Koke,Antoine Griezmann,Fernando Torres,Yannick Carrasco,Ángel Correa,Gabi,Stefan Savić,Juanfran,Group stage,0,1
48,Manchester City,Willy Caballero,Pablo Zabaleta,Raheem Sterling,İlkay Gündoğan,Sergio Agüero,Aleksandar Kolarov,Kevin De Bruyne,David Silva,John Stones,Fernandinho,Nicolás Otamendi,Barcelona,Marc-André ter Stegen,Ivan Rakitić,Sergio Busquets,Luis Suárez,Lionel Messi,Neymar,Javier Mascherano,Lucas Digne,Sergi Roberto,André Gomes,Samuel Umtiti,Group stage,3,1
49,Benfica,Ederson,Álex Grimaldo,Luisão,Ljubomir Fejsa,Kostas Mitroglou,Victor Lindelöf,Eduardo Salvio,Gonçalo Guedes,Pizzi,Franco Cervi,Nélson Semedo,Dynamo Kyiv,Artur Rudko,Mykola Morozyuk,Júnior Moraes,Viktor Tsyhankov,Serhiy Sydorchuk,Serhiy Rybalka,Domagoj Vida,Derlis González,Yevhen Makarenko,Vitaliy Buyalskyi,Yevhen Khacheridi,Group stage,1,0
50,PSV Eindhoven,Remko Pasveer,Nicolas Isimat-Mirin,Héctor Moreno,Santiago Arias,Daniel Schwaab,Davy Pröpper,Gastón Pereiro,Luuk de Jong,Jetro Willems,Andrés Guardado,Bart Ramselaar,Bayern Munich,Manuel Neuer,Mats Hummels,Robert Lewandowski,Arjen Robben,Xabi Alonso,Jérôme Boateng,Philipp Lahm,Arturo Vidal,Thomas Müller,David Alaba,Joshua Kimmich,Group stage,1,2
51,Basel,Tomáš Vaclík,Adama Traoré,Omar Gaber,Serey Die,Birkir Bjarnason,Matías Emilio Delgado,Renato Steffen,Marek Suchý,Éder Álvarez Balanta,Taulant Xhaka,Seydou Doumbia,Paris S-G,Alphonse Areola,Thiago Silva,Marquinhos,Marco Verratti,Lucas Moura,Thiago Motta,Edinson Cavani,Ángel Di María,Thomas Meunier,Blaise Matuidi,Layvin Kurzawa,Group stage,1,2
52,Atlético Madrid,Jan Oblak,Diego Godín,Filipe Luís,Koke,Antoine Griezmann,Saúl Ñíguez,Fernando Torres,Yannick Carrasco,Gabi,Stefan Savić,Šime Vrsaljko,Rostov,Soslan Dzhanayev,Timofei Kalachev,Vladimir Granat,Dmitry Poloz,Christian Noboa,Sardar Azmoun,Miha Mevlja,Fyodor Kudryashov,César Navas,Alexandru Gațcan,Aleksandr Erokhin,Group stage,2,1
53,Beşiktaş,Fabricio,Adriano,Duško Tošić,Ricardo Quaresma,Vincent Aboubakar,Atiba Hutchinson,Tolgay Arslan,Marcelo,Andreas Beck,Rhodolfo,Gökhan Inler,Napoli,Pepe Reina,Elseid Hysaj,Allan,José Callejón,Jorginho,Marek Hamšík,Nikola Maksimović,Manolo Gabbiadini,Lorenzo Insigne,Kalidou Koulibaly,Faouzi Ghoulam,Group stage,1,1
54,Gladbach,Yann Sommer,Jannik Vestergaard,Tobias Strobl,Christoph Kramer,Thorgan Hazard,Lars Stindl,Oscar Wendt,Fabian Johnson,Julian Korb,André Hahn,Nico Elvedi,Celtic,Craig Gordon,Emilio Izaguirre,Scott Brown,Moussa Dembélé,Scott Sinclair,Cristian Gamboa,Stuart Armstrong,Tom Rogić,Mikael Lustig,Erik Sviatchenko,James Forrest,Group stage,1,1
55,Ludogorets,Milan Borjan,José Luis Palomino,Natanael,Anicet Abel,Svetoslav Dyakov,Jonathan Cafu,Yordan Minev,Claudiu Keșerü,Cosmin Moți,Marcelinho,Wanderson,Arsenal,David Ospina,Kieran Gibbs,Laurent Koscielny,Alexis Sánchez,Aaron Ramsey,Mesut Özil,Olivier Giroud,Shkodran Mustafi,Carl Jenkinson,Granit Xhaka,Francis Coquelin,Group stage,2,3
56,Porto,Iker Casillas,Maxi Pereira,Iván Marcano,Óliver Torres,André Silva,Alex Telles,Héctor Herrera,Diogo Jota,Danilo Pereira,Otávio,Felipe,Club Brugge,Ludovic Butelle,Ricardo van Rhijn,Benoît Poulain,Claudemir de Souza,Wesley Moraes,Abdoulay Diaby,Tomás Pina Isla,Dion Cools,Stefano Denswil,Ruud Vormer,Boli Bolingoli-Mbombo,Group stage,1,0
57,Tottenham,Hugo Lloris,Kyle Walker,Jan Vertonghen,Son Heung-min,Victor Wanyama,Eric Dier,Moussa Sissoko,Mousa Dembélé,Dele Alli,Christian Eriksen,Ben Davies,Leverkusen,Bernd Leno,Jonathan Tah,Javier Hernández,Admir Mehmedi,Julian Baumgartlinger,Wendell,Julian Brandt,Charles Aránguiz,Ömer Toprak,Benjamin Henrichs,Kevin Kampl,Group stage,0,1
58,Legia Warsaw,Arkadiusz Malarz,Michał Pazdan,Guilherme,Vadis Odjidja-Ofoe,Nemanja Nikolić,Adam Hloušek,Michał Kopczyński,Bartosz Bereszyński,Jakub Rzeźniczak,Miroslav Radović,Thibault Moulin,Real Madrid,Keylor Navas,Dani Carvajal,Raphaël Varane,Nacho,Cristiano Ronaldo,Toni Kroos,Karim Benzema,Gareth Bale,Fábio Coentrão,Mateo Kovačić,Álvaro Morata,Group stage,3,3
59,FC Copenhagen,Robin Olsen,Ludwig Augustinsson,Erik Berg,William Kvist,Benjamin Verbič,Thomas Delaney,Andreas Cornelius,Federico Santander,Peter Ankersen,Mathias Jørgensen,Rasmus Falk,Leicester City,Kasper Schmeichel,Luis Hernández,Danny Drinkwater,Wes Morgan,Robert Huth,Ahmed Musa,Jamie Vardy,Daniel Amartey,Jeffrey Schlupp,Riyad Mahrez,Christian Fuchs,Group stage,0,0
60,Juventus,Gianluigi Buffon,Miralem Pjanić,Sami Khedira,Claudio Marchisio,Gonzalo Higuaín,Andrea Barzagli,Mario Mandžukić,Leonardo Bonucci,Dani Alves,Stefano Sturaro,Patrice Evra,Lyon,Anthony Lopes,Emanuel Mammana,Mouctar Diakhaby,Corentin Tolisso,Alexandre Lacazette,Rachid Ghezzal,Jérémy Morel,Nabil Fekir,Rafael,Maxime Gonalons,Maciej Rybus,Group stage,1,1
61,Monaco,Danijel Subašić,Fabinho,Jemerson,Radamel Falcao,Bernardo Silva,Tiemoué Bakayoko,Valère Germain,Djibril Sidibé,Benjamin Mendy,Kamil Glik,Thomas Lemar,CSKA Moscow,Igor Akinfeev,Mário Fernandes,Pontus Wernbloom,Sergei Ignashevich,Vasili Berezutski,Zoran Tošić,Aleksei Ionov,Aleksandr Golovin,Carlos Strandberg,Georgi Shchennikov,Bibras Natkho,Group stage,3,0
62,Sevilla,Sergio Rico,Mariano,Matías Kranevitter,Luciano Vietto,Steven Nzonzi,Sergio Escudero,Ganso,Vitolo,Franco Vázquez,Adil Rami,Gabriel Mercado,Dinamo Zagreb,Dominik Livaković,Hillel Soudani,Ante Ćorić,Paulo Machado,Junior Fernándes,Domagoj Pavičić,Josip Pivarić,Leonardo Sigali,Gordon Schildenfeld,Filip Benković,Petar Stojanović,Group stage,4,0
63,Dortmund,Roman Bürki,Marc Bartra,Ousmane Dembélé,Mario Götze,Raphaël Guerreiro,Adrián Ramos,Christian Pulisic,Sokratis Papastathopoulos,Gonzalo Castro,Matthias Ginter,Julian Weigl,Sporting CP,Rui Patrício,Ezequiel Schelotto,Bryan Ruiz,Bruno César,Sebastián Coates,William Carvalho,Paulo Oliveira,Luc Castaignos,Marvin Zeegelaar,Rúben Semedo,Gelson Martins,Group stage,1,0
64,Sporting CP,Rui Patrício,Bryan Ruiz,Bruno César,Sebastián Coates,William Carvalho,João Pereira,Adrien Silva,Bas Dost,Marvin Zeegelaar,Rúben Semedo,Gelson Martins,Real Madrid,Keylor Navas,Dani Carvajal,Sergio Ramos,Raphaël Varane,Cristiano Ronaldo,Gareth Bale,Marcelo,Mateo Kovačić,Lucas Vázquez,Luka Modrić,Isco,Group stage,1,2
65,Leicester City,Ron-Robert Zieler,Danny Drinkwater,Wes Morgan,Robert Huth,Jamie Vardy,Andy King,Marc Albrighton,Danny Simpson,Shinji Okazaki,Riyad Mahrez,Christian Fuchs,Club Brugge,Ludovic Butelle,Timmy Simons,Benoît Poulain,Claudemir de Souza,Jelle Vossen,José Izquierdo,Tomás Pina Isla,Hans Vanaken,Dion Cools,Laurens De Bock,Brandon Mechele,Group stage,2,1
66,CSKA Moscow,Igor Akinfeev,Mário Fernandes,Pontus Wernbloom,Vasili Berezutski,Georgi Milanov,Alan Dzagoev,Aleksandr Golovin,Aleksei Berezutski,Georgi Shchennikov,Fyodor Chalov,Bibras Natkho,Leverkusen,Bernd Leno,Jonathan Tah,Javier Hernández,Hakan Çalhanoğlu,Tin Jedvaj,Julian Brandt,Charles Aránguiz,Ömer Toprak,Kevin Volland,Benjamin Henrichs,Kevin Kampl,Group stage,1,1
67,Dortmund,Roman Weidenfeller,Marc Bartra,Ousmane Dembélé,Nuri Şahin,Marco Reus,Sebastian Rode,Christian Pulisic,Shinji Kagawa,Gonzalo Castro,Matthias Ginter,Felix Passlack,Legia Warsaw,Radosław Cierzniak,Michał Pazdan,Jakub Czerwiński,Guilherme,Vadis Odjidja-Ofoe,Michał Kopczyński,Michał Kucharczyk,Bartosz Bereszyński,Jakub Rzeźniczak,Miroslav Radović,Aleksandar Prijović,Group stage,8,4
68,Monaco,Danijel Subašić,Fabinho,Jemerson,Radamel Falcao,Bernardo Silva,Tiemoué Bakayoko,Valère Germain,Djibril Sidibé,Benjamin Mendy,Kamil Glik,Thomas Lemar,Tottenham,Hugo Lloris,Danny Rose,Son Heung-min,Harry Kane,Victor Wanyama,Eric Dier,Kieran Trippier,Mousa Dembélé,Dele Alli,Kevin Wimmer,Harry Winks,Group stage,2,1
69,FC Copenhagen,Robin Olsen,Ludwig Augustinsson,Erik Berg,William Kvist,Benjamin Verbič,Thomas Delaney,Peter Ankersen,Andrija Pavlović,Youssef Toutouh,Mathias Jørgensen,Rasmus Falk,Porto,Iker Casillas,Maxi Pereira,Iván Marcano,André Silva,Óliver Torres,Alex Telles,Jesús Corona,Diogo Jota,Danilo Pereira,Otávio,Felipe,Group stage,0,0
70,Sevilla,Sergio Rico,Mariano,Vicente Iborra,Luciano Vietto,Steven Nzonzi,Sergio Escudero,Vitolo,Nicolás Pareja,Franco Vázquez,Adil Rami,Gabriel Mercado,Juventus,Gianluigi Buffon,Miralem Pjanić,Sami Khedira,Juan Cuadrado,Claudio Marchisio,Alex Sandro,Mario Mandžukić,Leonardo Bonucci,Dani Alves,Daniele Rugani,Patrice Evra,Group stage,1,3
71,Dinamo Zagreb,Dominik Livaković,Mario Šitum,Ante Ćorić,Junior Fernándes,Amer Gojak,Domagoj Pavičić,Josip Pivarić,Leonardo Sigali,Bojan Knežević,Filip Benković,Alexandru Mățel,Lyon,Anthony Lopes,Mapou Yanga-Mbiwa,Nicolas Nkoulou,Alexandre Lacazette,Jordan Ferri,Sergi Darder,Jérémy Morel,Rafael,Maxime Gonalons,Maxwel Cornet,Mathieu Valbuena,Group stage,0,1
72,Arsenal,David Ospina,Kieran Gibbs,Laurent Koscielny,Alexis Sánchez,Aaron Ramsey,Mesut Özil,Olivier Giroud,Alex Iwobi,Shkodran Mustafi,Carl Jenkinson,Francis Coquelin,Paris S-G,Alphonse Areola,Thiago Silva,Grzegorz Krychowiak,Marquinhos,Marco Verratti,Lucas Moura,Thiago Motta,Edinson Cavani,Thomas Meunier,Blaise Matuidi,Maxwell,Group stage,2,2
73,Celtic,Craig Gordon,Emilio Izaguirre,Jozo Šimunović,Scott Brown,Moussa Dembélé,Scott Sinclair,Stuart Armstrong,Tom Rogić,Mikael Lustig,Erik Sviatchenko,Callum McGregor,Barcelona,Marc-André ter Stegen,Gerard Piqué,Ivan Rakitić,Sergio Busquets,Luis Suárez,Lionel Messi,Neymar,Javier Mascherano,Jordi Alba,Sergi Roberto,André Gomes,Group stage,0,2
74,Rostov,Soslan Dzhanayev,Timofei Kalachev,Vladimir Granat,Dmitry Poloz,Christian Noboa,Sardar Azmoun,Miha Mevlja,Fyodor Kudryashov,César Navas,Alexandru Gațcan,Aleksandr Erokhin,Bayern Munich,Sven Ulreich,Thiago Alcántara,Franck Ribéry,Robert Lewandowski,Douglas Costa,Rafinha,Jérôme Boateng,Juan Bernat,Philipp Lahm,Holger Badstuber,Renato Sanches,Group stage,3,2
75,Gladbach,Yann Sommer,Andreas Christensen,Tobias Strobl,Mahmoud Dahoud,Raffael,Lars Stindl,Ibrahima Traoré,Oscar Wendt,Fabian Johnson,Tony Jantschke,Nico Elvedi,Manchester City,Claudio Bravo,Raheem Sterling,İlkay Gündoğan,Sergio Agüero,Aleksandar Kolarov,Jesús Navas,Kevin De Bruyne,David Silva,John Stones,Fernandinho,Nicolás Otamendi,Group stage,1,1
76,Atlético Madrid,Jan Oblak,Diego Godín,Filipe Luís,Tiago Mendes,Koke,Antoine Griezmann,Yannick Carrasco,Gabi,Šime Vrsaljko,Kévin Gameiro,José María Giménez,PSV Eindhoven,Jeroen Zoet,Nicolas Isimat-Mirin,Héctor Moreno,Santiago Arias,Daniel Schwaab,Davy Pröpper,Gastón Pereiro,Jetro Willems,Bart Ramselaar,Oleksandr Zinchenko,Steven Bergwijn,Group stage,2,0
77,Napoli,Pepe Reina,Elseid Hysaj,José Callejón,Dries Mertens,Marek Hamšík,Piotr Zieliński,Lorenzo Insigne,Kalidou Koulibaly,Faouzi Ghoulam,Raúl Albiol,Amadou Diawara,Dynamo Kyiv,Artur Rudko,Mykola Morozyuk,Andriy Yarmolenko,Viktor Tsyhankov,Serhiy Sydorchuk,Serhiy Rybalka,Denys Harmash,Domagoj Vida,Yevhen Makarenko,Yevhen Khacheridi,Artem Besyedin,Group stage,0,0
78,Beşiktaş,Fabricio,Adriano,Duško Tošić,Ricardo Quaresma,Vincent Aboubakar,Atiba Hutchinson,Oğuzhan Özyakup,Tolgay Arslan,Marcelo,Andreas Beck,Gökhan Gönül,Benfica,Ederson,Luisão,Ljubomir Fejsa,Kostas Mitroglou,Victor Lindelöf,Eduardo Salvio,Eliseu,Gonçalo Guedes,Pizzi,Franco Cervi,Nélson Semedo,Group stage,3,3
79,Ludogorets,Vladislav Stoyanov,Cicinho,José Luis Palomino,Natanael,Anicet Abel,Svetoslav Dyakov,Jonathan Cafu,Claudiu Keșerü,Cosmin Moți,Wanderson,Virgil Misidjan,Basel,Tomáš Vaclík,Adama Traoré,Michael Lang,Luca Zuffi,Birkir Bjarnason,Matías Emilio Delgado,Marek Suchý,Éder Álvarez Balanta,Mohamed Elyounoussi,Taulant Xhaka,Seydou Doumbia,Group stage,0,0
80,Manchester City,Willy Caballero,Bacary Sagna,Pablo Zabaleta,Fernando,İlkay Gündoğan,Nolito,Leroy Sané,Gaël Clichy,Pablo Maffeo,Tosin Adarabioyo,Kelechi Iheanacho,Celtic,Craig Gordon,Emilio Izaguirre,Jozo Šimunović,Scott Brown,Moussa Dembélé,Stuart Armstrong,Tom Rogić,Mikael Lustig,Patrick Roberts,Erik Sviatchenko,James Forrest,Group stage,1,1
81,Benfica,Ederson,Luisão,Ljubomir Fejsa,Raúl Jiménez,Victor Lindelöf,Eduardo Salvio,Gonçalo Guedes,Pizzi,Franco Cervi,André Almeida,Nélson Semedo,Napoli,Pepe Reina,Elseid Hysaj,Allan,José Callejón,Marek Hamšík,Manolo Gabbiadini,Lorenzo Insigne,Kalidou Koulibaly,Faouzi Ghoulam,Raúl Albiol,Amadou Diawara,Group stage,1,2
82,Basel,Tomáš Vaclík,Adama Traoré,Michael Lang,Serey Die,Matías Emilio Delgado,Renato Steffen,Marek Suchý,Marc Janko,Éder Álvarez Balanta,Mohamed Elyounoussi,Taulant Xhaka,Arsenal,David Ospina,Kieran Gibbs,Gabriel Paulista,Laurent Koscielny,Alexis Sánchez,Aaron Ramsey,Lucas Pérez,Mesut Özil,Rob Holding,Alex Iwobi,Granit Xhaka,Group stage,1,4
83,Paris S-G,Alphonse Areola,Thiago Silva,Marquinhos,Lucas Moura,Thiago Motta,Edinson Cavani,Ángel Di María,Thomas Meunier,Blaise Matuidi,Maxwell,Hatem Ben Arfa,Ludogorets,Vladislav Stoyanov,Cicinho,Natanael,Anicet Abel,Svetoslav Dyakov,Jonathan Cafu,Cosmin Moți,Ihor Plastun,Marcelinho,Wanderson,Virgil Misidjan,Group stage,2,2
84,Barcelona,Jasper Cillessen,Denis Suárez,Arda Turan,Andrés Iniesta,Lionel Messi,Javier Mascherano,Paco Alcácer,Lucas Digne,André Gomes,Aleix Vidal,Samuel Umtiti,Gladbach,Yann Sommer,Andreas Christensen,Jannik Vestergaard,Tobias Strobl,Mahmoud Dahoud,Thorgan Hazard,Nico Schulz,Tony Jantschke,Julian Korb,André Hahn,Nico Elvedi,Group stage,4,0
85,PSV Eindhoven,Jeroen Zoet,Nicolas Isimat-Mirin,Héctor Moreno,Santiago Arias,Daniel Schwaab,Davy Pröpper,Luuk de Jong,Joshua Brenet,Bart Ramselaar,Oleksandr Zinchenko,Steven Bergwijn,Rostov,Soslan Dzhanayev,Timofei Kalachev,Vladimir Granat,Dmitry Poloz,Christian Noboa,Sardar Azmoun,Miha Mevlja,Fyodor Kudryashov,César Navas,Alexandru Gațcan,Aleksandr Erokhin,Group stage,0,0
86,Bayern Munich,Manuel Neuer,Mats Hummels,Thiago Alcántara,Robert Lewandowski,Arjen Robben,Douglas Costa,Rafinha,Juan Bernat,Arturo Vidal,David Alaba,Renato Sanches,Atlético Madrid,Jan Oblak,Diego Godín,Koke,Antoine Griezmann,Saúl Ñíguez,Yannick Carrasco,Gabi,Stefan Savić,Šime Vrsaljko,Lucas Hernández,Nicolás Gaitán,Group stage,1,0
87,Dynamo Kyiv,Artur Rudko,Vitorino Antunes,Andriy Yarmolenko,Serhiy Sydorchuk,Serhiy Rybalka,Domagoj Vida,Derlis González,Mykyta Burda,Vitaliy Buyalskyi,Yevhen Khacheridi,Artem Besyedin,Beşiktaş,Fabricio,Adriano,Duško Tošić,Ricardo Quaresma,Vincent Aboubakar,Olcay Şahan,Atiba Hutchinson,Oğuzhan Özyakup,Tolgay Arslan,Marcelo,Andreas Beck,Group stage,6,0
88,Tottenham,Hugo Lloris,Kyle Walker,Danny Rose,Jan Vertonghen,Son Heung-min,Harry Kane,Victor Wanyama,Eric Dier,Dele Alli,Christian Eriksen,Harry Winks,CSKA Moscow,Igor Akinfeev,Vasili Berezutski,Zoran Tošić,Georgi Milanov,Lacina Traoré,Alan Dzagoev,Kirill Nababkin,Aleksandr Golovin,Aleksei Berezutski,Georgi Shchennikov,Bibras Natkho,Group stage,3,1
89,Porto,Iker Casillas,Maxi Pereira,Iván Marcano,Yacine Brahimi,André Silva,Óliver Torres,Alex Telles,Jesús Corona,Diogo Jota,Danilo Pereira,Felipe,Leicester City,Ben Hamer,Luis Hernández,Ben Chilwell,Danny Drinkwater,Wes Morgan,Ahmed Musa,Jeffrey Schlupp,Shinji Okazaki,Demarai Gray,Nampalys Mendy,Marcin Wasilewski,Group stage,5,0
90,Legia Warsaw,Arkadiusz Malarz,Michał Pazdan,Guilherme,Vadis Odjidja-Ofoe,Adam Hloušek,Michał Kopczyński,Bartosz Bereszyński,Jakub Rzeźniczak,Miroslav Radović,Thibault Moulin,Aleksandar Prijović,Sporting CP,Rui Patrício,Lazar Marković,Bruno César,Sebastián Coates,William Carvalho,Paulo Oliveira,Adrien Silva,Bas Dost,Marvin Zeegelaar,Rúben Semedo,Gelson Martins,Group stage,1,0
91,Lyon,Anthony Lopes,Mapou Yanga-Mbiwa,Mouctar Diakhaby,Corentin Tolisso,Alexandre Lacazette,Rachid Ghezzal,Sergi Darder,Jérémy Morel,Rafael,Maxime Gonalons,Mathieu Valbuena,Sevilla,Sergio Rico,Mariano,Vicente Iborra,Samir Nasri,Steven Nzonzi,Pablo Sarabia,Sergio Escudero,Vitolo,Nicolás Pareja,Adil Rami,Gabriel Mercado,Group stage,0,0
92,Real Madrid,Keylor Navas,Dani Carvajal,Sergio Ramos,Raphaël Varane,Cristiano Ronaldo,Karim Benzema,James Rodríguez,Marcelo,Casemiro,Lucas Vázquez,Luka Modrić,Dortmund,Roman Weidenfeller,Marc Bartra,Ousmane Dembélé,Pierre-Emerick Aubameyang,André Schürrle,Christian Pulisic,Sokratis Papastathopoulos,Łukasz Piszczek,Gonzalo Castro,Marcel Schmelzer,Julian Weigl,Group stage,2,2
93,Club Brugge,Ludovic Butelle,Ricardo van Rhijn,Claudemir de Souza,Wesley Moraes,Lior Refaelov,Tomás Pina Isla,Felipe Gedoz,Dion Cools,Stefano Denswil,Brandon Mechele,Boli Bolingoli-Mbombo,FC Copenhagen,Robin Olsen,Ludwig Augustinsson,Erik Berg,William Kvist,Thomas Delaney,Andreas Cornelius,Peter Ankersen,Andrija Pavlović,Youssef Toutouh,Mathias Jørgensen,Rasmus Falk,Group stage,0,2
94,Leverkusen,Ramazan Özcan,Aleksandar Dragović,Javier Hernández,Hakan Çalhanoğlu,Stefan Kießling,Julian Baumgartlinger,Tin Jedvaj,Wendell,Julian Brandt,Danny da Costa,Vladlen Yurchenko,Monaco,Morgan De Sanctis,Jemerson,Nabil Dirar,João Moutinho,Guido Carrillo,Andrea Raggi,Gabriel Boschilia,Corentin Jean,Abdou Diallo,Kévin N'Doram,Almamy Touré,Group stage,3,0
95,Juventus,Neto,Medhi Benatia,Miralem Pjanić,Juan Cuadrado,Claudio Marchisio,Gonzalo Higuaín,Mario Mandžukić,Mario Lemina,Kwadwo Asamoah,Daniele Rugani,Patrice Evra,Dinamo Zagreb,Dominik Livaković,Hillel Soudani,Mario Šitum,Ante Ćorić,Junior Fernándes,Amer Gojak,Josip Pivarić,Leonardo Sigali,Gordon Schildenfeld,Bojan Knežević,Nikola Moro,Group stage,2,0
96,Benfica,Ederson,Luisão,Ljubomir Fejsa,Kostas Mitroglou,Victor Lindelöf,André Carrillo,Eduardo Salvio,Eliseu,Pizzi,Rafa Silva,Nélson Semedo,Dortmund,Roman Bürki,Marc Bartra,Ousmane Dembélé,Marco Reus,Raphaël Guerreiro,Pierre-Emerick Aubameyang,Sokratis Papastathopoulos,Łukasz Piszczek,Marcel Schmelzer,Julian Weigl,Erik Durm,Round of 16,1,0
97,Paris S-G,Kevin Trapp,Presnel Kimpembe,Marquinhos,Marco Verratti,Edinson Cavani,Ángel Di María,Thomas Meunier,Blaise Matuidi,Layvin Kurzawa,Julian Draxler,Adrien Rabiot,Barcelona,Marc-André ter Stegen,Gerard Piqué,Sergio Busquets,Andrés Iniesta,Luis Suárez,Lionel Messi,Neymar,Jordi Alba,Sergi Roberto,André Gomes,Samuel Umtiti,Round of 16,4,0
98,Bayern Munich,Manuel Neuer,Mats Hummels,Thiago Alcántara,Javi Martínez,Robert Lewandowski,Arjen Robben,Douglas Costa,Xabi Alonso,Philipp Lahm,Arturo Vidal,David Alaba,Arsenal,David Ospina,Kieran Gibbs,Laurent Koscielny,Alexis Sánchez,Mesut Özil,Alex Oxlade-Chamberlain,Alex Iwobi,Shkodran Mustafi,Héctor Bellerín,Granit Xhaka,Francis Coquelin,Round of 16,5,1
99,Real Madrid,Keylor Navas,Dani Carvajal,Sergio Ramos,Raphaël Varane,Cristiano Ronaldo,Toni Kroos,Karim Benzema,James Rodríguez,Marcelo,Casemiro,Luka Modrić,Napoli,Pepe Reina,Elseid Hysaj,José Callejón,Dries Mertens,Marek Hamšík,Piotr Zieliński,Lorenzo Insigne,Kalidou Koulibaly,Faouzi Ghoulam,Raúl Albiol,Amadou Diawara,Round of 16,3,1
100,Manchester City,Willy Caballero,Bacary Sagna,Raheem Sterling,Sergio Agüero,Kevin De Bruyne,Leroy Sané,David Silva,John Stones,Fernandinho,Nicolás Otamendi,Yaya Touré,Monaco,Danijel Subašić,Fabinho,Radamel Falcao,Bernardo Silva,Tiemoué Bakayoko,Djibril Sidibé,Benjamin Mendy,Andrea Raggi,Kamil Glik,Thomas Lemar,Kylian Mbappé,Round of 16,5,3
101,Leverkusen,Bernd Leno,Aleksandar Dragović,Javier Hernández,Wendell,Julian Brandt,Charles Aránguiz,Ömer Toprak,Kai Havertz,Karim Bellarabi,Benjamin Henrichs,Kevin Kampl,Atlético Madrid,Miguel Ángel Moyá,Filipe Luís,Koke,Antoine Griezmann,Saúl Ñíguez,Yannick Carrasco,Gabi,Stefan Savić,Šime Vrsaljko,Kévin Gameiro,José María Giménez,Round of 16,2,4
102,Porto,Iker Casillas,Maxi Pereira,Iván Marcano,Rúben Neves,Yacine Brahimi,André Silva,Alex Telles,Héctor Herrera,Danilo Pereira,Felipe,Tiquinho Soares,Juventus,Gianluigi Buffon,Giorgio Chiellini,Miralem Pjanić,Sami Khedira,Juan Cuadrado,Gonzalo Higuaín,Paulo Dybala,Alex Sandro,Andrea Barzagli,Mario Mandžukić,Stephan Lichtsteiner,Round of 16,0,2
103,Sevilla,Sergio Rico,Mariano,Clément Lenglet,Samir Nasri,Joaquín Correa,Steven Nzonzi,Stevan Jovetić,Pablo Sarabia,Sergio Escudero,Vitolo,Adil Rami,Leicester City,Kasper Schmeichel,Danny Drinkwater,Wes Morgan,Robert Huth,Ahmed Musa,Jamie Vardy,Marc Albrighton,Danny Simpson,Wilfred Ndidi,Riyad Mahrez,Christian Fuchs,Round of 16,2,1
104,Arsenal,David Ospina,Laurent Koscielny,Alexis Sánchez,Aaron Ramsey,Olivier Giroud,Theo Walcott,Alex Oxlade-Chamberlain,Nacho Monreal,Shkodran Mustafi,Héctor Bellerín,Granit Xhaka,Bayern Munich,Manuel Neuer,Mats Hummels,Thiago Alcántara,Franck Ribéry,Javi Martínez,Robert Lewandowski,Arjen Robben,Rafinha,Xabi Alonso,Arturo Vidal,David Alaba,Round of 16,1,5
105,Napoli,Pepe Reina,Elseid Hysaj,Allan,José Callejón,Dries Mertens,Marek Hamšík,Lorenzo Insigne,Kalidou Koulibaly,Faouzi Ghoulam,Raúl Albiol,Amadou Diawara,Real Madrid,Keylor Navas,Dani Carvajal,Pepe,Sergio Ramos,Cristiano Ronaldo,Toni Kroos,Karim Benzema,Gareth Bale,Marcelo,Casemiro,Luka Modrić,Round of 16,1,3
106,Barcelona,Marc-André ter Stegen,Gerard Piqué,Ivan Rakitić,Sergio Busquets,Andrés Iniesta,Luis Suárez,Lionel Messi,Neymar,Rafinha,Javier Mascherano,Samuel Umtiti,Paris S-G,Kevin Trapp,Thiago Silva,Marquinhos,Marco Verratti,Lucas Moura,Edinson Cavani,Thomas Meunier,Blaise Matuidi,Layvin Kurzawa,Julian Draxler,Adrien Rabiot,Round of 16,6,1
107,Dortmund,Roman Bürki,Marc Bartra,Ousmane Dembélé,Pierre-Emerick Aubameyang,Christian Pulisic,Sokratis Papastathopoulos,Łukasz Piszczek,Gonzalo Castro,Marcel Schmelzer,Julian Weigl,Erik Durm,Benfica,Ederson,Luisão,Andreas Samaris,Kostas Mitroglou,Victor Lindelöf,Eduardo Salvio,Eliseu,Pizzi,Franco Cervi,André Almeida,Nélson Semedo,Round of 16,4,0
108,Leicester City,Kasper Schmeichel,Danny Drinkwater,Wes Morgan,Robert Huth,Jamie Vardy,Marc Albrighton,Danny Simpson,Shinji Okazaki,Wilfred Ndidi,Riyad Mahrez,Christian Fuchs,Sevilla,Sergio Rico,Vicente Iborra,Wissam Ben Yedder,Samir Nasri,Steven Nzonzi,Pablo Sarabia,Sergio Escudero,Vitolo,Nicolás Pareja,Adil Rami,Gabriel Mercado,Round of 16,2,0
109,Juventus,Gianluigi Buffon,Medhi Benatia,Sami Khedira,Juan Cuadrado,Claudio Marchisio,Gonzalo Higuaín,Paulo Dybala,Alex Sandro,Mario Mandžukić,Leonardo Bonucci,Dani Alves,Porto,Iker Casillas,Maxi Pereira,Iván Marcano,Yacine Brahimi,Óliver Torres,André Silva,André André,Miguel Layún,Danilo Pereira,Felipe,Tiquinho Soares,Round of 16,1,0
110,Atlético Madrid,Jan Oblak,Diego Godín,Koke,Antoine Griezmann,Saúl Ñíguez,Yannick Carrasco,Ángel Correa,Šime Vrsaljko,Lucas Hernández,Thomas Partey,José María Giménez,Leverkusen,Bernd Leno,Aleksandar Dragović,Javier Hernández,Roberto Hilbert,Julian Baumgartlinger,Tin Jedvaj,Wendell,Julian Brandt,Kevin Volland,Karim Bellarabi,Kevin Kampl,Round of 16,0,0
111,Monaco,Danijel Subašić,Fabinho,Jemerson,Bernardo Silva,Tiemoué Bakayoko,Valère Germain,Djibril Sidibé,Benjamin Mendy,Andrea Raggi,Thomas Lemar,Kylian Mbappé,Manchester City,Willy Caballero,Bacary Sagna,Raheem Sterling,Sergio Agüero,Aleksandar Kolarov,Kevin De Bruyne,Leroy Sané,David Silva,Gaël Clichy,John Stones,Fernandinho,Round of 16,3,1
112,Juventus,Gianluigi Buffon,Giorgio Chiellini,Miralem Pjanić,Sami Khedira,Juan Cuadrado,Gonzalo Higuaín,Paulo Dybala,Alex Sandro,Mario Mandžukić,Leonardo Bonucci,Dani Alves,Barcelona,Marc-André ter Stegen,Gerard Piqué,Ivan Rakitić,Andrés Iniesta,Luis Suárez,Lionel Messi,Neymar,Javier Mascherano,Sergi Roberto,Samuel Umtiti,Jérémy Mathieu,Quarter-finals,3,0
113,Dortmund,Roman Bürki,Sven Bender,Ousmane Dembélé,Raphaël Guerreiro,Pierre-Emerick Aubameyang,Shinji Kagawa,Sokratis Papastathopoulos,Łukasz Piszczek,Matthias Ginter,Marcel Schmelzer,Julian Weigl,Monaco,Danijel Subašić,Fabinho,Jemerson,João Moutinho,Radamel Falcao,Bernardo Silva,Andrea Raggi,Kamil Glik,Thomas Lemar,Kylian Mbappé,Almamy Touré,Quarter-finals,2,3
114,Atlético Madrid,Jan Oblak,Diego Godín,Filipe Luís,Koke,Antoine Griezmann,Saúl Ñíguez,Fernando Torres,Yannick Carrasco,Gabi,Stefan Savić,Juanfran,Leicester City,Kasper Schmeichel,Danny Drinkwater,Robert Huth,Jamie Vardy,Marc Albrighton,Danny Simpson,Shinji Okazaki,Wilfred Ndidi,Riyad Mahrez,Christian Fuchs,Yohan Benalouane,Quarter-finals,1,0
115,Bayern Munich,Manuel Neuer,Thiago Alcántara,Franck Ribéry,Javi Martínez,Arjen Robben,Xabi Alonso,Jérôme Boateng,Philipp Lahm,Arturo Vidal,Thomas Müller,David Alaba,Real Madrid,Keylor Navas,Dani Carvajal,Sergio Ramos,Nacho,Cristiano Ronaldo,Toni Kroos,Karim Benzema,Gareth Bale,Marcelo,Casemiro,Luka Modrić,Quarter-finals,1,2
116,Leicester City,Kasper Schmeichel,Danny Drinkwater,Wes Morgan,Jamie Vardy,Marc Albrighton,Danny Simpson,Shinji Okazaki,Wilfred Ndidi,Riyad Mahrez,Christian Fuchs,Yohan Benalouane,Atlético Madrid,Jan Oblak,Diego Godín,Filipe Luís,Koke,Antoine Griezmann,Saúl Ñíguez,Yannick Carrasco,Gabi,Stefan Savić,Juanfran,José María Giménez,Quarter-finals,1,1
117,Real Madrid,Keylor Navas,Dani Carvajal,Sergio Ramos,Nacho,Cristiano Ronaldo,Toni Kroos,Karim Benzema,Marcelo,Casemiro,Luka Modrić,Isco,Bayern Munich,Manuel Neuer,Mats Hummels,Thiago Alcántara,Franck Ribéry,Robert Lewandowski,Arjen Robben,Xabi Alonso,Jérôme Boateng,Philipp Lahm,Arturo Vidal,David Alaba,Quarter-finals,4,2
118,Barcelona,Marc-André ter Stegen,Gerard Piqué,Ivan Rakitić,Sergio Busquets,Andrés Iniesta,Luis Suárez,Lionel Messi,Neymar,Jordi Alba,Sergi Roberto,Samuel Umtiti,Juventus,Gianluigi Buffon,Giorgio Chiellini,Miralem Pjanić,Sami Khedira,Juan Cuadrado,Gonzalo Higuaín,Paulo Dybala,Alex Sandro,Mario Mandžukić,Leonardo Bonucci,Dani Alves,Quarter-finals,0,0
119,Monaco,Danijel Subašić,Jemerson,João Moutinho,Radamel Falcao,Bernardo Silva,Tiemoué Bakayoko,Benjamin Mendy,Kamil Glik,Thomas Lemar,Kylian Mbappé,Almamy Touré,Dortmund,Roman Bürki,Nuri Şahin,Marco Reus,Raphaël Guerreiro,Pierre-Emerick Aubameyang,Shinji Kagawa,Sokratis Papastathopoulos,Łukasz Piszczek,Matthias Ginter,Julian Weigl,Erik Durm,Quarter-finals,3,1
120,Real Madrid,Keylor Navas,Dani Carvajal,Sergio Ramos,Raphaël Varane,Cristiano Ronaldo,Toni Kroos,Karim Benzema,Marcelo,Casemiro,Luka Modrić,Isco,Atlético Madrid,Jan Oblak,Diego Godín,Filipe Luís,Koke,Antoine Griezmann,Saúl Ñíguez,Yannick Carrasco,Gabi,Stefan Savić,Lucas Hernández,Kévin Gameiro,Semi-finals,3,0
121,Monaco,Danijel Subašić,Fabinho,Jemerson,Nabil Dirar,Radamel Falcao,Bernardo Silva,Tiemoué Bakayoko,Djibril Sidibé,Kamil Glik,Thomas Lemar,Kylian Mbappé,Juventus,Gianluigi Buffon,Giorgio Chiellini,Miralem Pjanić,Claudio Marchisio,Gonzalo Higuaín,Paulo Dybala,Alex Sandro,Andrea Barzagli,Mario Mandžukić,Leonardo Bonucci,Dani Alves,Semi-finals,0,2
122,Juventus,Gianluigi Buffon,Giorgio Chiellini,Miralem Pjanić,Sami Khedira,Gonzalo Higuaín,Paulo Dybala,Alex Sandro,Andrea Barzagli,Mario Mandžukić,Leonardo Bonucci,Dani Alves,Monaco,Danijel Subašić,Jemerson,João Moutinho,Radamel Falcao,Bernardo Silva,Tiemoué Bakayoko,Djibril Sidibé,Benjamin Mendy,Andrea Raggi,Kamil Glik,Kylian Mbappé,Semi-finals,2,1
123,Atlético Madrid,Jan Oblak,Diego Godín,Filipe Luís,Koke,Antoine Griezmann,Saúl Ñíguez,Fernando Torres,Yannick Carrasco,Gabi,Stefan Savić,José María Giménez,Real Madrid,Keylor Navas,Sergio Ramos,Raphaël Varane,Cristiano Ronaldo,Toni Kroos,Karim Benzema,Marcelo,Casemiro,Luka Modrić,Isco,Danilo,Semi-finals,2,1
124,Juventus,Gianluigi Buffon,Giorgio Chiellini,Miralem Pjanić,Sami Khedira,Gonzalo Higuaín,Paulo Dybala,Alex Sandro,Andrea Barzagli,Mario Mandžukić,Leonardo Bonucci,Dani Alves,Real Madrid,Keylor Navas,Dani Carvajal,Sergio Ramos,Raphaël Varane,Cristiano Ronaldo,Toni Kroos,Karim Benzema,Marcelo,Casemiro,Luka Modrić,Isco,Final,1,4
